{
    "title":"neoui",
    "nav": [
    	{
    		"name":"首页",
    		"href":"/"
    	},
        {
            "name":"产品概述",
    		"href":"/dist/neoui/index.html"
        },
    	{
    		"name":"全局样式",
    		"href":"/dist/neoui/global/README.html"
    	},
    	{
    		"name":"CSS组件",
    		"href":"/dist/neoui/component/README.html"
    	},{
    		"name":"JS插件",
    		"href":"/dist/neoui/plugin/README.html"
    	}
    ],
    "product":{
            "proName":"neoui",
            "backgroundImg":"/assets/images/about-us-neoui.jpg",
            "docHref":"/dist/neoui/global/README.html",
            "introduce":"tinper-neoui是基于 UI 设计语言 iuap design 实现的企业级前端UI框架，包含丰富的全局样式、丰富的CSS组件和JavaScript插件，并且提供丰富的字体图标。tinper-neoui帮助用户快速构建标准一致的前端页面，提高开发效率。",
            "features": [
                {
                    "name":"响应式",
                    "img":"uf uf-grid",
                    "desc":"提供响应式解决方案，组件多端适配，一次代码书写，多端运行"
                },
                {
                    "name":"浏览器兼容性",
                    "img":"uf uf-equipment",
                    "desc":"支持IE8+ 、firefox、Chrome、Safari等主流浏览器，轻松帮您解决浏览器兼容问题",
                    "link":"https://github.com/iuap-design/tinper-neoui-polyfill/blob/release/README.md"
                },
                {
                    "name":"按需定制",
                    "img":"uf uf-rulerpen",
                    "desc":"开发者可以通过自定义 Syle样式组件、JavaScript 插件，定制一份属于特制的neoui框架"
                },
                {
                    "name":"丰富的组件",
                    "img":"uf uf-puzzle-o",
                    "desc":"丰富的CSS组件、30+个JavaScript插件并在持续开发中，代码简洁、 规范、易于修改"
                },
                {
                    "name":"完善文档示例",
                    "img":"uf uf-book",
                    "desc":"每个组件都有详细的文档讲解、API说明、示例展示，用户可以在线调试，下载示例"
                }
            ]
    }

}
