{
    "title":"uba",
    "nav": [
        {
    		"name":"首页",
    		"href":"/"
    	},
        {
            "name":"产品概述",
    		"href":"/dist/uba/index.html"
        },
        {
            "name":"uba使用",
            "href":"/dist/uba/doc/intro.html"
        }
    ],
    "product":{
            "proName":"uba",
            "backgroundImg":"/assets/images/about-us-uba.jpg",
            "docHref":"/dist/uba/doc/intro.html",
            "introduce":"tinper-uba 是一个集项目初始化、本地服务、数据模拟、资源编译、发布部署于一体的前端集成开发工具。为您提供多种项目最佳实践，使用五条命令即可打通开发全过程。轻量小巧，上手简单，是你强大的开发助手。",
            "features": [
                {
                    "name":"功能强大",
                    "img":"uf uf-leaf",
                    "desc":"uba是一个集合并、压缩、模板生成、打包及发布为一体的前端application开发工具"
                },
                {
                    "name":"操作简单",
                    "img":"uf uf-bullseye",
                    "desc":"指令简单易用，提供完善的帮助文档,帮助开发人员专注开发"
                },
                {
                    "name":"快速构建应用",
                    "img":"uf uf-4square",
                    "desc":"生成项目结构明朗清晰，同时内部集成强大的tinper前端组件库，可快速搭建起前端项目"
                },
                {
                    "name":"多平台支持",
                    "img":"uf uf-equipment",
                    "desc":"使用npm发包，覆盖主流开发平台，便于代码迁移"
                }
            ]
    }
}
