{"versions":[{"version":"3.2.2","tinper-sparrow":"3.2.2","tinper-neoui":"3.2.3","kero":"3.2.3","neoui-kero":"3.2.2","tinper-neoui-grid":"3.2.2","tinper-neoui-tree":"3.2.2","tinper-neoui-polyfill":"3.2.1","compox":"3.2.1","compox-util":"3.2.1","kero-fetch":"3.2.2","neoui-kero-mixin":"3.2.1","date":"2017-5-23"},{"version":"3.2.1","tinper-sparrow":"3.2.1","tinper-neoui":"3.2.1","kero":"3.2.2","neoui-kero":"3.2.1","tinper-neoui-grid":"3.2.1","tinper-neoui-tree":"3.2.1","tinper-neoui-polyfill":"3.2.0","compox":"3.2.0","compox-util":"3.2.0","kero-fetch":"3.2.1","neoui-kero-mixin":"3.2.0","date":"2017-4-25"},{"version":"3.2.0","tinper-sparrow":"3.2.0","tinper-neoui":"3.2.0","kero":"3.2.0","neoui-kero":"3.2.0","tinper-neoui-grid":"3.2.0","tinper-neoui-tree":"3.2.0","tinper-neoui-polyfill":"3.2.0","compox":"3.2.0","compox-util":"3.2.0","kero-fetch":"3.2.0","neoui-kero-mixin":"3.2.0","date":"2017-3-28"},{"version":"3.1.27","tinper-sparrow":"3.1.27","tinper-neoui":"3.1.27","kero":"3.1.27","neoui-kero":"3.1.27","tinper-neoui-grid":"3.1.28","tinper-neoui-tree":"3.1.27","tinper-neoui-polyfill":"3.1.26","compox":"3.1.26","compox-util":"3.1.26","kero-fetch":"3.1.26","neoui-kero-mixin":"3.1.26","date":"2017-2-23"},{"version":"3.1.26","date":"2017-1-19","tinper-sparrow":"3.1.26","tinper-neoui":"3.1.26","kero":"3.1.26","neoui-kero":"3.1.26","tinper-neoui-grid":"3.1.26","tinper-neoui-tree":"3.1.26","tinper-neoui-polyfill":"3.1.26","compox":"3.1.26","compox-util":"3.1.26","kero-fetch":"3.1.26","neoui-kero-mixin":"3.1.26"},{"version":"3.1.23","date":"2017-1-19","tinper-sparrow":"3.1.23","tinper-neoui":"3.1.23","kero":"3.1.23","neoui-kero":"3.1.23","tinper-neoui-grid":"3.1.23","tinper-neoui-tree":"3.1.23","tinper-neoui-polyfill":"3.1.23","compox":"3.1.23","compox-util":"3.1.23","kero-fetch":"3.1.23","neoui-kero-mixin":"3.1.23"}]}
