{"versions":[{"version":"3.2.4","tinper-sparrow":"3.2.4","tinper-neoui":"3.2.5","kero":"3.2.5","neoui-kero":"3.2.4","tinper-neoui-grid":"3.2.4","tinper-neoui-tree":"3.2.2","tinper-neoui-polyfill":"3.2.1","compox":"3.2.2","compox-util":"3.2.3","kero-fetch":"3.2.2","neoui-kero-mixin":"3.2.3","date":"2018-1-30"},{"compox":"3.2.2","compox-util":"3.2.2","date":"2017-6-23","kero":"3.2.4","kero-fetch":"3.2.2","neoui-kero":"3.2.3","neoui-kero-mixin":"3.2.2","tinper-neoui":"3.2.4","tinper-neoui-grid":"3.2.3","tinper-neoui-polyfill":"3.2.1","tinper-neoui-tree":"3.2.2","tinper-sparrow":"3.2.3","version":"3.2.3"},{"compox":"3.2.1","compox-util":"3.2.1","date":"2017-5-23","kero":"3.2.3","kero-fetch":"3.2.2","neoui-kero":"3.2.2","neoui-kero-mixin":"3.2.1","tinper-neoui":"3.2.3","tinper-neoui-grid":"3.2.2","tinper-neoui-polyfill":"3.2.1","tinper-neoui-tree":"3.2.2","tinper-sparrow":"3.2.2","version":"3.2.2"},{"compox":"3.2.0","compox-util":"3.2.0","date":"2017-4-25","kero":"3.2.2","kero-fetch":"3.2.1","neoui-kero":"3.2.1","neoui-kero-mixin":"3.2.0","tinper-neoui":"3.2.1","tinper-neoui-grid":"3.2.1","tinper-neoui-polyfill":"3.2.0","tinper-neoui-tree":"3.2.1","tinper-sparrow":"3.2.1","version":"3.2.1"},{"compox":"3.2.0","compox-util":"3.2.0","date":"2017-3-28","kero":"3.2.0","kero-fetch":"3.2.0","neoui-kero":"3.2.0","neoui-kero-mixin":"3.2.0","tinper-neoui":"3.2.0","tinper-neoui-grid":"3.2.0","tinper-neoui-polyfill":"3.2.0","tinper-neoui-tree":"3.2.0","tinper-sparrow":"3.2.0","version":"3.2.0"},{"compox":"3.1.26","compox-util":"3.1.26","date":"2017-2-23","kero":"3.1.27","kero-fetch":"3.1.26","neoui-kero":"3.1.27","neoui-kero-mixin":"3.1.26","tinper-neoui":"3.1.27","tinper-neoui-grid":"3.1.28","tinper-neoui-polyfill":"3.1.26","tinper-neoui-tree":"3.1.27","tinper-sparrow":"3.1.27","version":"3.1.27"},{"compox":"3.1.26","compox-util":"3.1.26","date":"2017-1-19","kero":"3.1.26","kero-fetch":"3.1.26","neoui-kero":"3.1.26","neoui-kero-mixin":"3.1.26","tinper-neoui":"3.1.26","tinper-neoui-grid":"3.1.26","tinper-neoui-polyfill":"3.1.26","tinper-neoui-tree":"3.1.26","tinper-sparrow":"3.1.26","version":"3.1.26"},{"compox":"3.1.23","compox-util":"3.1.23","date":"2017-1-19","kero":"3.1.23","kero-fetch":"3.1.23","neoui-kero":"3.1.23","neoui-kero-mixin":"3.1.23","tinper-neoui":"3.1.23","tinper-neoui-grid":"3.1.23","tinper-neoui-polyfill":"3.1.23","tinper-neoui-tree":"3.1.23","tinper-sparrow":"3.1.23","version":"3.1.23"}]}