{
    "title":"react",
    "nav": [
        {
    		"name":"首页",
    		"href":"/"
    	},
        {
            "name":"产品概述",
    		"href":"/dist/react/index.html"
        },
        {
            "name":"开始使用",
            "href":"/dist/react/start/start.html"
        },

        {
            "name":"组件",
            "href":"/dist/react/component/button.html"
        },{
            "name":"其他",
            "href":"/dist/react/other/other.html"
        }
    ],
    "product":{
            "proName":"bee",
            "backgroundImg":"/assets/images/about-us-bee.jpg",
            "docHref":"/dist/react/component/button.html",
            "introduce":"tinper-bee 是基于 iuap design 的 react 组件库，包含丰富的基础组件和应用组件，支持组件的灵活调用和扩展，助力快速进行应用的组件化开发。",
            "features": [
                {
                    "name":"组件支持可插拔使用",
                    "img":"uf uf-plug-o",
                    "desc":"支持组件单独引入，需要哪个引入哪个，不添加冗余文件"
                },
                {
                    "name":"提供丰富基础组件",
                    "img":"uf uf-puzzle-o",
                    "desc":"包含大量简单易用的基础组件，支持快速搭建页面的结构性组件，适用于企业应用的复杂表单表格组件"
                },
                {
                    "name":"丰富的企业级特性组件",
                    "img":"uf uf-qi-c-o",
                    "desc":"提供适用于企业级应用的表单，表格和grid组件，满足您大量数据处理操作展示和复杂交互需求"
                },
                {
                    "name":"支持组件的扩展和自定义",
                    "img":"uf uf-rulerpen",
                    "desc":"每个组件提供了丰富的API接口和充分自由度给用户来定义自己的组件，实现用户想要的效果和特性"
                }
            ]
    }
}
