{
    "title":"kero",
    "nav": [
        {
    		"name":"首页",
    		"href":"/"
    	},
        {
            "name":"产品概述",
    		"href":"/dist/kero/index.html"
        },
        {
            "name":"文档",
            "href":"/dist/kero/docs/overview.html"
        }
    ],
    "product":{
            "proName":"kero",
            "backgroundImg":"/assets/images/about-us-kero.jpg",
            "docHref":"/dist/kero/docs/overview.html",
            "introduce":"kero是一个基于knockout扩展的Library，做为MVVM架构中Model层的增强，提供多维数据模型，解决企业应用中复杂的业务应用场景的开发问题",
            "features": [
                {
                    "name":"多终端支持",
                    "img":"uf uf-equipment",
                    "desc":"支持IE8+、Firefox、Chrome、safari等多平台主流浏览器"
                },
                {
                    "name":"完善的控件体系",
                    "img":"uf uf-leaf",
                    "desc":"包含常用控件，常见NeoUI，支持多端适配"
                },
                {
                    "name":"双向数据绑定",
                    "img":"uf uf-link",
                    "desc":"实现了模型与UI之间的双向自动更新"
                },
                {
                    "name":"多维数据模型",
                    "img":"uf uf-box-o-2",
                    "desc":"解决了字段关联、主子数据、主子孙等多维数据模型的绑定问题"
                },
                {
                    "name":"完善的文档说明",
                    "img":"uf uf-book",
                    "desc":"从快速上手到具体使用进行详细说明，每个API都有详细文档讲解、示例展示，方便用户使用"
                }
            ]
    }
}
