{
    "title":"用户案例",
    "nav": [
        {
            "name":"首页",
            "href":"/"
        },
        {
            "name":"产品",
            "href":"#",
            "sub":[
                {
                    "name":"前端集成开发工具uba",
                    "href":"/dist/uba/index.html"
                },
                {
                    "name":"UI框架neoui",
                    "href":"/dist/neoui/index.html"
                },
                {
                    "name":"React组件库bee",
                    "href":"/dist/react/index.html"
                },
                {
                    "name":"前端基础库sparrow",
                    "href":"/dist/sparrow/index.html"
                }
            ]
        },
        {
            "name":"样式版",
            "href":"/webide"
        },
        {
            "name":"下载",
            "href":"/dist/package/index.html"
        },
        {
            "name":"案例",
            "href":"#"
        }
    ],
    "content": {
        "part1": [
            {
                "name":"友人才",
                "specName":"用友新一代人力资源云服务平台",
                "thumbImg":"/assets/images/case-hr-logo.png",
                "detailImg":"/assets/images/case-hr.png"
            },
            {
                "name":"友云采",
                "specName":"用友布局企业互联网采购",
                "thumbImg":"/assets/images/case-yc-logo.png",
                "detailImg":"/assets/images/case-yyc.jpg"
            },
            {
                "name":"用友云审批",
                "specName":"真正适合互联网+的云审批",
                "thumbImg":"/assets/images/case-sp-logo.png",
                "detailImg":"/assets/images/case-sp.jpg"
            },
            {
                "name":"电商通",
                "specName":"多电商平台一站式管理",
                "thumbImg":"/assets/images/case-dst-logo.png",
                "detailImg":"/assets/images/case-dst.png"
            }
        ],
        "part2": [
            {
                "name":"民太安集团",
                "thumbImg":"/assets/images/mta.jpg"
            },
            {
                "name":"象屿集团",
                "thumbImg":"/assets/images/xmxy.jpg"
            },
            {
                "name":"华科诚信",
                "thumbImg":"/assets/images/hkcx.jpg"
            },
            {
                "name":"物流河北",
                "thumbImg":"/assets/images/wlhb.jpg"
            },
            {
                "name":"唐山三友集团",
                "thumbImg":"/assets/images/tssy.jpg"
            },
            {
                "name":"全友家私",
                "thumbImg":"/assets/images/qyjs.jpg"
            }
        ],
        "part3": [
            {
                "name":"用友iuap-studio"
            },
            {
                "name":"用友网络UI模板"
            },
            {
                "name":"北京用友政务软件有限公司"
            },
            {
                "name":"用友网络云表单"
            },
            {
                "name":"用友集团IT信息中心"
            },
            {
                "name":"用友金融信息技术有限公司"
            },
            {
                "name":"用友网络数字营销"
            },
            {
                "name":"用友广信网络科技有限公司"
            },
            {
                "name":"用友网络电子发票"
            },
            {
                "name":"民太安集团"
            },
            {
                "name":"用友网络NC共享服务"
            },
            {
                "name":"用友网络物业收费管理"
            },
            {
                "name":"用友网络云portal"
            }
        ]
    }

}
