{
    "theme":{
        "list":[
            {"class":"bg-red","color":"244,67,54"},
            {"class":"bg-pink","color":"233,30,99"},
            {"class":"bg-purple","color":"156,39,176"},
            {"class":"bg-deep-purple","color":"103,58,183"},
            {"class":"bg-indigo","color":"63,81,181"},
            {"class":"bg-blue","color":"33,150,243"},
            {"class":"bg-light-blue","color":"3,169,244"},
            {"class":"bg-cyan","color":"0,188,212"},
            {"class":"bg-teal","color":"0,150,136"},
            {"class":"bg-green","color":"76,175,80"},
            {"class":"bg-light-green","color":"139,195,74"},
            {"class":"bg-lime","color":"205,220,57"},
            {"class":"bg-yellow","color":"255,235,59"},
            {"class":"bg-amber","color":"255,193,7"},
            {"class":"bg-orange","color":"255,152,0"},
            {"class":"bg-deep-orange","color":"255,87,34"},
            {"class":"bg-brown","color":"121,85,72"},
            {"class":"bg-grey","color":"158,158,158"},
            {"class":"bg-blue-grey","color":"96,125,139"},
            {"class":"bg-black","color":"0,0,0"}
        ]
    },
    "mod":{
        "polyfill": {
            "title": "IE8 Polyfill模块",
            "description": "用于兼容ie8,包含respond,html5,及框架基础函数支持",
            "catlog": "polyselect",
            "list":[
                {"name":"Polyfill模块","file":"u-polyfill"}
            ]
        },
        "neocss": {
            "title": "CSS组件",
            "description": "CSS组件描述",
            "catlog": "cssselect",
            "list":[
                {"name":"头像","file":"neoui-avatar"},
                {"name":"徽章","file":"neoui-badge"},
                {"name":"面包屑","file":"neoui-breadcrumbs"},
                {"name":"卡片","file":"neoui-card"},
                {"name":"数据统计","file":"neoui-counter"},
                {"name":"下拉菜单","file":"neoui-dropdown"},
                {"name":"表单","file":"neoui-forms"},
                {"name":"图片","file":"neoui-img"},
                {"name":"表格布局","file":"neoui-layout.grid"},
                {"name":"面板布局","file":"neoui-layout.slidepanel"},
                {"name":"列表","file":"neoui-list-group"},
                {"name":"导航","file":"neoui-nav"},
                {"name":"导航条","file":"neoui-navbar"},
                {"name":"面板","file":"neoui-panel"},
                {"name":"流程引导","file":"neoui-pearls"},
                {"name":"评分","file":"neoui-rating"},
                {"name":"色带","file":"neoui-ribbon"},
                {"name":"步骤","file":"neoui-steps"},
                {"name":"标签","file":"neoui-tags"},
                {"name":"天气","file":"neoui-weather"},
                {"name":"挂件","file":"neoui-widget"}
            ]
        },
        "neojs": {
            "title": "JS组件",
            "description": "JS组件描述",
            "catlog": "jsselect",
            "list":[
                {"name":"自动完成","file":"neoui-autocomplete"},
                {"name":"按钮","file":"neoui-button"},
                {"name":"checkbox框","file":"neoui-checkbox"},
                {"name":"表盘选择器","file":"neoui-clockpicker"},
                {"name":"折叠组件","file":"neoui-collapse"},
                {"name":"combo","file":"neoui-combo"},
                {"name":"combobox","file":"neoui-combobox"},
                {"name":"数据表","file":"neoui-data-table"},
                {"name":"日期选择器","file":"neoui-datetimepicker"},
                {"name":"对话框","file":"neoui-dialog"},
                {"name":"md布局","file":"neoui-layout.md"},
                {"name":"nav布局","file":"neoui-layout.nav"},
                {"name":"进度loader","file":"neoui-loader"},
                {"name":"进度loading","file":"neoui-loading"},
                {"name":"菜单","file":"neoui-menu"},
                {"name":"消息框","file":"neoui-message"},
                {"name":"月份","file":"neoui-month"},
                {"name":"月日","file":"neoui-monthdate"},
                {"name":"多语言","file":"neoui-multilang"},
                {"name":"导航菜单","file":"neoui-navmenu"},
                {"name":"分页","file":"neoui-pagination"},
                {"name":"进度条","file":"neoui-progress"},
                {"name":"单选框","file":"neoui-radio"},
                {"name":"refer","file":"neoui-refer"},
                {"name":"slidePanel","file":"neoui-slidePanel"},
                {"name":"开关","file":"neoui-switch"},
                {"name":"标签组","file":"neoui-tabs"},
                {"name":"文本框","file":"neoui-textfield"},
                {"name":"时间","file":"neoui-time"},
                {"name":"提示tip","file":"neoui-tooltip"},
                {"name":"验证","file":"neoui-validate"},
                {"name":"年份","file":"neoui-year"},
                {"name":"年月","file":"neoui-yearmonth"}
            ]
        },
        "tree": {
            "title": "Tree",
            "description": "树",
            "catlog": "treeselect",
            "list":[
                {"name":"树","file":"tree"}
            ]
        },
        "grid": {
            "title": "Grid",
            "description": "表格",
            "catlog": "gridselect",
            "list":[
                {"name":"表格","file":"grid"}
            ]
        },
        "kero": {
            "title": "Kero",
            "description": "前端数据模型",
            "catlog": "adselect",
            "list":[
                {"name":"前端数据模型","file":"kero"},
                {"name":"http请求封装","file":"kero-fetch"}
            ]
        }
    }
}