{
    "title":"sparrow",
    "nav": [
        {
    		"name":"首页",
    		"href":"/"
    	},
        {
            "name":"产品概述",
    		"href":"/dist/sparrow/index.html"
        },
        {
            "name":"文档",
            "href":"/dist/sparrow/docs/install.html"
        }
    ],
    "product":{
            "proName":"sparrow",
            "backgroundImg":"/assets/images/about-us-sparrow.jpg",
            "docHref":"/dist/sparrow/docs/install.html",
            "introduce":"tinper-sparrow 是一个轻量级 javascript 库，让开发者能更方便地进行 DOM操作、events处理、动画效果实现和AJAX交互等，并且提供丰富的API封装，如多平台多浏览器判断、Cookies操作、事件机制、日期转换、数字处理、字符串相关判断等一系列功能方法。",
            "features": [
                {
                    "name":"多终端支持",
                    "img":"uf uf-equipment",
                    "desc":"支持IE8+ 、firefox、Chrome、Safari等主流浏览器，支持iOS、Android、windows、MAC"
                },
                {
                    "name":"丰富的工具方法",
                    "img":"uf uf-leaf",
                    "desc":"方便进行DOM操作、AJAX交互，提供多平台多浏览器判断、Cookies操作、数据类型处理等一系列功能方法"
                },
                {
                    "name":"完善的文档说明",
                    "img":"uf uf-book",
                    "desc":"从快速上手到具体使用进行详细说明，每个API都有详细文档讲解、示例展示，方便用户使用"
                },
                {
                    "name":"ES6语法特性",
                    "img":"uf uf-es",
                    "desc":"核心代码使用ES6语法编写，发挥全新语法特性优势，支持API按需导入"
                }
            ]
    }
}
